User ID,Instagram visit score,Spending_rank(0 to 100)
0,63,24.05070845
1,61,25.22329005
2,104,18.52824526
3,82,86.89023241
4,14,31.49239692
5,74,81.19531414
6,83,88.11972945
7,71,87.4683564
8,42,80.829564
9,79,25.96662164
10,94,24.46567368
11,30,30.97504081
12,62,23.93688398
13,19,14.21656395
14,36,23.46131302
15,17,22.40513668
16,98,14.59998927
17,87,12.50427488
18,55,11.76071954
19,65,8.782403628
20,90,70.58210415
21,69,106.9393719
22,17,24.41608933
23,82,14.85335365
24,68,83.08778344
25,76,19.85507906
26,80,68.72519179
27,80,16.63787901
28,32,57.42090343
29,46,53.70152626
30,97,14.52232178
31,67,83.43530752
32,42,59.2847078
33,73,84.30603906
34,85,25.94031124
35,48,26.3334073
36,79,17.69698635
37,39,59.51894928
38,20,22.02046139
39,89,87.33332063
40,84,77.21589021
41,90,18.45624481
42,95,9.525985718
43,77,83.88780572
44,87,89.32350728
45,84,24.48394908
46,87,86.80134737
47,91,31.77727934
48,20,30.07324971
49,29,22.27105893
50,46,67.57232403
51,86,91.57086075
52,58,17.38965215
53,39,78.10751173
54,44,65.02712226
55,37,68.66589307
56,61,22.30799431
57,91,12.45225859
58,72,79.72874053
59,81,97.36505105
60,19,15.89441948
61,81,92.54237622
62,83,26.91451103
63,75,23.81224389
64,84,86.09920913
65,56,27.02080663
66,52,9.886817607
67,78,81.55022856
68,67,84.62768822
69,97,12.35561638
70,98,13.16862217
71,28,38.01909248
72,106,18.35170261
73,71,104.7360573
74,20,22.06784969
75,94,26.94953576
76,37,61.96779185
77,25,13.24753967
78,75,93.97846339
79,82,13.83837631
80,61,28.45837723
81,82,89.23215347
82,25,38.3940287
83,76,79.49618626
84,33,65.67214893
85,93,24.3271692
86,86,18.23979234
87,95,35.08898197
88,84,15.76761568
89,55,63.23372514
90,69,78.56101791
91,95,23.24628216
92,67,25.08785074
93,40,58.16089026
94,98,23.00398013
95,95,20.54964074
96,86,95.38030712
97,19,14.62477033
98,33,23.24338149
99,39,60.35146419
100,51,27.47569732
101,80,90.73751483
102,94,6.978186468
103,90,20.7456649
104,63,84.24248112
105,95,92.3898169
106,31,27.54973738
107,73,90.43334873
108,41,35.02395962
109,35,22.7267631
110,95,85.61243772
111,68,11.87430005
112,25,58.35334386
113,81,20.96871631
114,81,21.76232895
115,91,19.7525264
116,42,53.55666866
117,46,60.14346481
118,80,26.66295582
119,77,19.05073001
120,89,30.50516776
121,84,11.2317819
122,101,32.79851185
123,46,52.31751679
124,26,27.47217237
125,83,15.54859762
126,48,36.82701421
127,80,76.19183168
128,38,53.74735043
129,42,17.04988133
130,39,61.81339667
131,84,16.90087229
132,93,15.33330896
133,31,5.082856803
134,17,26.83332592
135,77,24.41556805
136,90,31.3925246
137,94,24.91943309
138,24,77.16295984
139,25,63.87886991
140,78,27.57820665
141,24,28.21248903
142,17,37.61182537
143,34,68.7057727
144,73,22.8126494
145,104,23.35762412
146,88,26.73680467
147,86,23.25454226
148,77,28.29643605
149,13,28.29543776
150,25,28.01492023
151,84,18.70656052
152,48,65.53988896
153,19,29.16840223
154,24,24.19521043
155,82,88.96899434
156,90,86.0910732
157,61,11.32237039
158,80,85.54864535
159,17,27.36112903
160,51,19.73527445
161,81,19.04858095
162,70,21.09830578
163,27,18.98877336
164,35,67.52190515
165,33,16.90051369
166,76,99.1237311
167,87,79.74843641
168,60,21.47885791
169,75,76.23377259
170,65,21.82376162
171,69,78.56928699
172,85,23.555059
173,98,7.942425657
174,84,7.687225784
175,84,80.593889
176,25,28.70377582
177,93,23.65261494
178,67,82.19940878
179,83,84.41794026
180,88,74.50483022
181,46,14.7812366
182,11,15.22567934
183,25,63.66221672
184,74,87.37823625
185,29,23.32993675
186,33,28.7200071
187,67,23.59321418
188,44,71.25388416
189,63,17.55261153
190,22,21.6712293
191,94,15.43388662
192,52,12.51356204
193,90,95.65491071
194,18,16.61266057
195,82,22.05297087
196,87,26.56631865
197,32,20.85594495
198,66,17.95901183
199,59,22.52011807
200,82,92.05440447
201,83,29.44906499
202,11,27.66611345
203,60,20.12253563
204,91,78.05065227
205,78,16.19723923
206,78,18.37600346
207,86,18.50963704
208,36,54.22593981
209,86,15.59737784
210,62,94.91645619
211,21,17.11089923
212,35,64.31421702
213,84,20.00936342
214,41,69.08266159
215,28,19.86392432
216,34,54.19525743
217,50,54.67236072
218,87,13.18225755
219,77,16.25437429
220,67,23.81050932
221,89,21.95099679
222,57,10.52620316
223,75,95.49217662
224,12,13.24174207
225,90,82.07861209
226,58,20.72003154
227,85,15.56630248
228,76,78.07417774
229,12,18.33271481
230,39,61.39784668
231,60,14.24971359
232,48,82.21160875
233,62,15.57775969
234,85,86.19000662
235,34,60.61421798
236,31,62.48681525
237,72,8.37489358
238,56,30.69619064
239,91,82.55129812
240,81,85.97665734
241,52,32.5548928
242,21,18.88156344
243,84,95.28497476
244,60,19.08541304
245,89,23.71888002
246,38,61.66847702
247,60,21.00434692
248,96,19.58555753
249,98,2.711248587
250,48,67.61752672
251,99,9.454214215
252,74,6.208650472
253,84,11.17645134
254,90,18.31930725
255,76,13.98310121
256,61,30.48422196
257,80,32.46238896
258,42,32.08359615
259,74,67.2278253
260,91,22.15936574
261,85,18.32780613
262,28,23.55117474
263,15,30.83117767
264,42,63.75778413
265,95,21.16693051
266,42,66.78334725
267,85,9.057944521
268,76,91.84905254
269,53,64.77070667
270,86,76.66507516
271,30,31.50555559
272,71,15.17556799
273,83,24.81658207
274,16,34.76071054
275,32,53.57749898
276,19,36.57260947
277,65,75.95033784
278,26,70.63324698
279,26,71.22888027
280,60,5.145758067
281,73,15.2776218
282,63,6.68084
283,52,13.57191358
284,79,21.23684547
285,75,76.04700661
286,33,21.59960647
287,83,9.738161785
288,88,13.52483314
289,24,33.09396046
290,87,18.85404152
291,44,24.42277704
292,47,64.74629775
293,93,21.63797805
294,86,86.12020684
295,49,15.98064079
296,67,16.87625688
297,90,37.53057246
298,84,20.80639274
299,33,15.73880635
300,23,41.92542623
301,32,57.22349629
302,16,30.88718141
303,86,15.21619583
304,86,62.44422097
305,40,49.37574124
306,93,81.86624173
307,93,19.97177887
308,94,5.942648774
309,87,12.80558456
310,98,11.79319285
311,27,24.7431829
312,70,80.90917307
313,71,64.98953989
314,81,83.10716523
315,67,25.31521455
316,85,28.02554384
317,60,13.59379054
318,39,28.63800481
319,87,65.38471806
320,56,17.62508529
321,50,76.30235269
322,43,68.00480275
323,72,82.58527994
324,78,82.52693226
325,83,16.56328135
326,30,76.48826316
327,90,10.83667749
328,65,20.38865292
329,27,68.48481799
330,19,24.17208026
331,85,79.56108473
332,5,29.54739643
333,40,63.33957126
334,27,57.07282424
335,76,90.61974666
336,15,20.60926597
337,32,20.06536716
338,79,8.204026606
339,89,23.41564993
340,57,6.942328937
341,95,3.776767637
342,55,21.1258642
343,68,22.59870832
344,85,33.00929131
345,85,26.39622326
346,101,24.23950402
347,43,60.44099039
348,87,24.09242993
349,44,77.51233295
350,34,75.88646013
351,22,23.05317264
352,18,10.14402649
353,83,79.95562677
354,34,61.4575757
355,78,17.91956456
356,89,34.69671504
357,28,30.07681026
358,81,11.80327545
359,77,85.12529881
360,50,24.05756165
361,79,5.34741078
362,89,23.78727486
363,94,22.35525383
364,81,10.4111462
365,14,21.30010087
366,50,22.12827166
367,94,14.97405577
368,76,86.3823613
369,26,33.11451414
370,23,31.60134184
371,43,61.19705033
372,62,17.67966805
373,98,22.76002744
374,45,71.64125832
375,84,23.52029169
376,79,70.30288484
377,92,86.07262506
378,60,19.31255444
379,85,18.75385148
380,51,19.14330836
381,24,24.98961218
382,86,87.12735245
383,83,18.66157389
384,97,24.08108564
385,31,25.03969485
386,49,16.60737293
387,59,61.73056908
388,85,11.49266305
389,87,90.93473461
390,66,82.51317329
391,78,74.13380583
392,22,18.69782203
393,87,27.42259581
394,28,45.69516336
395,38,71.93015254
396,39,53.2819345
397,72,14.05913735
398,85,8.167946986
399,60,31.82224229
400,83,88.56602578
401,88,34.44354303
402,12,23.4044479
403,57,39.05173716
404,69,78.45012746
405,19,25.24606561
406,13,28.12989116
407,30,73.83523426
408,90,19.03134888
409,95,26.96858861
410,89,19.11371912
411,19,18.90255259
412,26,29.76273578
413,32,41.80669899
414,81,78.79889851
415,33,59.03970412
416,90,12.8121914
417,30,77.48787055
418,91,27.80179223
419,83,78.87354191
420,30,21.50185677
421,99,19.24704872
422,83,96.32182718
423,81,77.09703154
424,91,12.58927484
425,42,75.85094055
426,63,15.50581792
427,93,77.61937984
428,65,24.22242289
429,28,23.71340252
430,88,98.04298777
431,27,77.22486683
432,100,23.42272523
433,80,17.04699716
434,63,21.8495164
435,45,84.97045035
436,39,27.92569992
437,89,6.282675235
438,53,39.82201791
439,31,29.40444535
440,90,89.77440076
441,90,17.61903337
442,78,93.23704793
443,77,24.41028312
444,73,12.25126419
445,9,40.48369646
446,79,22.86652091
447,90,23.84538143
448,81,89.11413834
449,31,20.11730805
450,93,15.28581815
451,80,23.74313207
452,24,28.07948876
453,82,93.5233572
454,76,82.44936603
455,85,23.78611592
456,24,16.23929877
457,30,25.96737183
458,45,63.39344836
459,19,29.04436893
460,84,79.24263078
461,86,79.47777183
462,27,65.88106241
463,38,24.00258683
464,93,17.30662554
465,86,4.919132986
466,82,12.47998559
467,95,13.25665296
468,84,89.44173763
469,53,18.26673794
470,57,19.55053998
471,34,60.38734363
472,53,9.131617919
473,88,17.1533441
474,72,85.18097625
475,67,25.75189752
476,93,14.00304875
477,18,15.52698738
478,88,28.48858968
479,86,82.31900748
480,61,21.5110996
481,88,11.42268953
482,66,98.28742501
483,20,21.14324526
484,23,22.13480913
485,47,44.62789768
486,21,25.13109369
487,65,86.43369428
488,87,85.64276569
489,82,15.57815058
490,43,69.0304756
491,37,63.54847167
492,88,91.08317257
493,102,7.639653452
494,81,90.86260865
495,66,79.12652846
496,83,76.42241486
497,41,73.92483537
498,84,18.80740811
